USE RealEstateAgency;

------- Insert Person ------------
INSERT INTO Person VALUES 
   ('8564984325','ul. Georgi S. Rakovski 84, flr-8, ap. 27','Carlee Barrett','Carlee_Barrett@gmail.com','0883832706','f'),
   ('7836441955','ul. Opulchenska 35, flr-6, ap. 21','Audrey Velez','Audrey.Velez@gmail.com','0887473408','f'),
   ('4498532301','ul. Georgi S. Rakovski 35, flr-1, ap. 4','Camryn Wilkins','Camryn.Wilkins@live.com','0897198832','f'),
   ('5908387269','ul. Opulchenska 112, flr-6, ap. 21','Jovani Chapman','Jovani_Chapman@hotmail.com','0893810338','m'),
   ('2586772294','bul. Bulgaria 61, flr-1, ap. 5','Vaughn Flores','Vaughn_Flores@gmail.com','0881969825','m'),
   ('2155389284','bul. Bulgaria 62, flr-7, ap. 23','Lea Cabrera','Lea-Cabrera@live.com','0872758409','f'),
   ('5926523212','bul. Aleksandur Stamboliiski 81, flr-8, ap. 27','Anna Mercado','AnnaMercado@live.com','0872888740','f'),
   ('2657745798','bul. Carigradsko shose 77, flr-5, ap. 17','Jalen Richards','JalenRichards@gmail.com','0883022367','m'),
   ('2663300813','bul. Bulgaria 56, flr-6, ap. 19','Kaitlyn Keith','KaitlynKeith@live.com','0878169801','f'),
   ('3541664529','bul. Carigradsko shose 58, flr-5, ap. 17','Myah Spencer','Myah.Spencer@yahoo.com','0891249937','f'),
   ('6892959450','ul. car Ivan Aleksandur 64, flr-4, ap. 13','Finn Harmon','Finn-Harmon@live.com','0885880132','m'),
   ('6253566144','ul. Sofiiski geroi 107, flr-4, ap. 13','Wayne Petty','Wayne_Petty@gmail.com','0876268255','m'),
   ('3874277931','ul. car Ivan Aleksandur 46, flr-1, ap. 6','Kaiden Gould','Kaiden-Gould@yahoo.com','0889865028','m'),
   ('2216857618','ul. Pirotska 32, flr-1, ap. 4','Wilson Levy','Wilson_Levy@gmail.com','0879279543','m'),
   ('2290518368','ul. Georgi S. Rakovski 59, flr-1, ap. 6','Campbell Bell','Campbell.Bell@hotmail.com','0878616670','f'),
   ('1733076602','bul. Bulgaria 24, flr-1, ap. 4','Amiya Ford','Amiya-Ford@hotmail.com','0878989994','f'),
   ('8006830643','ul. Pirotska 77, flr-1, ap. 5','Chelsea Ward','Chelsea.Ward@hotmail.com','0897052075','f'),
   ('4129087456','bul. Aleksandur Stamboliiski 1, flr-4, ap. 13','Efrain Nixon','Efrain_Nixon@live.com','0888077431','m'),
   ('2574444429','bul. Carigradsko shose 81, flr-2, ap. 7','Tristan Browning','TristanBrowning@hotmail.com','0893077873','m'),
   ('8198133439','ul. Georgi S. Rakovski 56, flr-3, ap. 11','Raina Vang','Raina.Vang@hotmail.com','0882721761','f'),
   ('0611173004','bul. Bulgaria 1, flr-8, ap. 27','Yusuf Zuniga','Yusuf_Zuniga@yahoo.com','0888301290','m'),
   ('2534075531','ul. Opulchenska 66, flr-6, ap. 19','Kenley Blackwell','KenleyBlackwell@gmail.com','0898880175','f'),
   ('6095890007','ul. Georgi S. Rakovski 64, flr-2, ap. 8','Ellie Oneill','Ellie_Oneill@yahoo.com','0882552148','f'),
   ('6662904931','ul. Slavqnska 115, flr-7, ap. 22','Mareli Rios','MareliRios@gmail.com','0881995556','f'),
   ('0201210766','ul. Gueshevo 91, flr-7, ap. 23','Danica Mckee','DanicaMckee@yahoo.com','0878058895','f'),
   ('7467074121','ul. Slavqnska 18, flr-1, ap. 6','Alanna Shaw','Alanna-Shaw@yahoo.com','0888357147','f'),
   ('2793638106','ul. Georgi S. Rakovski 44, flr-5, ap. 16','Emmalee Cordova','Emmalee-Cordova@live.com','0888765129','f'),
   ('9597202867','ul. Sofiiski geroi 82, flr-1, ap. 6','Hannah Horton','Hannah_Horton@yahoo.com','0880818303','f'),
   ('8375817048','ul. Pirotska 81, flr-3, ap. 10','Kaila Porter','Kaila.Porter@live.com','0888136789','f'),
   ('7079158639','ul. Gueshevo 29, flr-6, ap. 19','Morgan Lamb','Morgan-Lamb@live.com','0894538239','f'),
   ('7564868780','bul. Carigradsko shose 68, flr-5, ap. 18','Kendall Mendez','KendallMendez@gmail.com','0879569001','f'),
   ('5533374380','bul. Aleksandur Stamboliiski 53, flr-7, ap. 23','Jax Barnes','Jax.Barnes@gmail.com','0898806819','m'),
   ('8930747837','ul. Slavqnska 71, flr-5, ap. 16','Alan Cain','AlanCain@hotmail.com','0871008345','m'),
   ('2491573342','ul. Georgi S. Rakovski 104, flr-8, ap. 27','Corinne Reese','Corinne-Reese@gmail.com','0872012770','f'),
   ('9709333135','ul. Pirotska 79, flr-3, ap. 12','Maren Arellano','MarenArellano@gmail.com','0896959883','f'),
   ('0900613893','bul. car Osvoboditel 59, flr-4, ap. 15','Antoine Bernard','Antoine-Bernard@live.com','0884460661','m'),
   ('1646779641','bul. Bulgaria 27, flr-8, ap. 26','Kinley Daniels','Kinley-Daniels@hotmail.com','0889263159','f'),
   ('0795382321','bul. Carigradsko shose 100, flr-6, ap. 21','Ruth Case','RuthCase@hotmail.com','0880407590','f'),
   ('8913514253','bul. Carigradsko shose 70, flr-6, ap. 19','Jacob Herrera','Jacob-Herrera@gmail.com','0878928701','m'),
   ('0334067556','ul. Pirotska 13, flr-3, ap. 10','Neveah Mccall','Neveah-Mccall@hotmail.com','0870983579','f'),
   ('7165013260','bul. Carigradsko shose 112, flr-7, ap. 24','Sydney Garcia','SydneyGarcia@gmail.com','0895744906','f'),
   ('5171794980','bul. Bulgaria 15, flr-8, ap. 27','Amaris Conley','Amaris_Conley@hotmail.com','0870185089','f'),
   ('7034005310','ul. Opulchenska 23, flr-7, ap. 24','Reagan Maxwell','ReaganMaxwell@gmail.com','0876750045','m'),
   ('8859713471','ul. Sofiiski geroi 62, flr-6, ap. 20','Anabelle Ewing','Anabelle-Ewing@live.com','0873712753','f'),
   ('5515584054','bul. Aleksandur Stamboliiski 17, flr-7, ap. 22','Alina Huber','Alina_Huber@gmail.com','0877214990','f'),
   ('4293148205','ul. Opulchenska 33, flr-4, ap. 15','Brennen Dunn','BrennenDunn@hotmail.com','0885932874','m'),
   ('7827802089','ul. Georgi S. Rakovski 52, flr-2, ap. 8','Alec Cohen','Alec-Cohen@gmail.com','0872820552','m'),
   ('1821197629','ul. Slavqnska 26, flr-8, ap. 26','Chris Curry','Chris.Curry@gmail.com','0875200391','m'),
   ('8805143639','ul. car Ivan Aleksandur 100, flr-2, ap. 9','Fernando Avila','Fernando_Avila@live.com','0872198234','m'),
   ('9265324442','ul. Opulchenska 63, flr-3, ap. 10','Mathias Sosa','MathiasSosa@hotmail.com','0887923731','m'),
   ('5405065518','ul. Gueshevo 3, flr-5, ap. 16','Alison Dickson','Alison.Dickson@yahoo.com','0889622505','f'),
   ('7713070363','ul. car Ivan Aleksandur 22, flr-3, ap. 11','Kimberly Harding','Kimberly.Harding@gmail.com','0881956151','f'),
   ('4272672201','bul. Aleksandur Stamboliiski 63, flr-8, ap. 25','Marlene Shields','Marlene-Shields@yahoo.com','0881759181','f'),
   ('3735856908','ul. Pirotska 97, flr-6, ap. 19','Jaylin Marsh','JaylinMarsh@hotmail.com','0889360697','m'),
   ('4139582796','bul. car Osvoboditel 113, flr-4, ap. 15','Tanner Briggs','Tanner.Briggs@gmail.com','0891771903','m'),
   ('5747663090','ul. Pirotska 96, flr-7, ap. 24','Kylee Orozco','KyleeOrozco@yahoo.com','0878015103','f'),
   ('2016406189','bul. Carigradsko shose 14, flr-4, ap. 15','Blaze Mahoney','Blaze-Mahoney@hotmail.com','0898414398','m'),
   ('2316877287','ul. car Ivan Aleksandur 93, flr-1, ap. 4','Karlee Novak','Karlee-Novak@live.com','0879592913','f'),
   ('1683148492','ul. Slavqnska 70, flr-7, ap. 22','Gideon Oconnor','Gideon-Oconnor@live.com','0890706070','m'),
   ('0024336282','bul. Bulgaria 81, flr-5, ap. 17','Cole George','Cole.George@gmail.com','0873434368','m'),
   ('3566676771','ul. car Ivan Aleksandur 6, flr-2, ap. 8','Alfonso Pet','Alfonso.Pet@gmail.com','0879162727','m'),
   ('2504212779','bul. car Osvoboditel 88, flr-1, ap. 4','Sadie Arroyo','Sadie-Arroyo@live.com','0885540341','f'),
   ('9824529983','ul. Georgi S. Rakovski 86, flr-1, ap. 6','Bo Waters','Bo_Waters@yahoo.com','0898698662','m'),
   ('6082740760','ul. car Ivan Aleksandur 99, flr-3, ap. 11','Kate Henry','Kate-Henry@hotmail.com','0881293851','f'),
   ('2384130417','ul. Slavqnska 23, flr-8, ap. 26','Taniyah Underwood','Taniyah.Underwood@gmail.com','0887213131','f'),
   ('8509213352','ul. Slavqnska 32, flr-2, ap. 7','Laney Fowler','Laney_Fowler@live.com','0899048573','f'),
   ('6163355328','bul. car Osvoboditel 2, flr-7, ap. 23','Wyatt Bentley','Wyatt.Bentley@hotmail.com','0882536186','m'),
   ('8615519645','ul. Gueshevo 106, flr-6, ap. 20','Royce Lutz','Royce_Lutz@yahoo.com','0884253268','m'),
   ('6315340317','bul. car Osvoboditel 46, flr-3, ap. 10','Ashanti Lambert','Ashanti-Lambert@gmail.com','0879035291','f'),
   ('2810315522','ul. Sofiiski geroi 11, flr-1, ap. 6','Brody Welch','Brody-Welch@gmail.com','0881748236','m'),
   ('7980147555','ul. Slavqnska 62, flr-8, ap. 26','Pablo Romero','Pablo-Romero@yahoo.com','0880928245','m'),
   ('6667140612','bul. Carigradsko shose 29, flr-4, ap. 13','Broderick Todd','Broderick.Todd@yahoo.com','0881495234','m'),
   ('3729753432','ul. Pirotska 101, flr-7, ap. 24','Jeff Johnston','Jeff-Johnston@yahoo.com','0891132535','m'),
   ('4115951064','bul. Aleksandur Stamboliiski 26, flr-2, ap. 7','Shaun Stanley','Shaun.Stanley@yahoo.com','0895308913','m'),
   ('4758100716','ul. Sofiiski geroi 103, flr-6, ap. 20','Alivia Tanner','Alivia.Tanner@yahoo.com','0879303730','f'),
   ('6016575412','ul. Georgi S. Rakovski 64, flr-8, ap. 25','Eduardo Daniel','EduardoDaniel@gmail.com','0890014607','m'),
   ('1740948824','ul. Pirotska 34, flr-5, ap. 18','Marley Dawson','MarleyDawson@hotmail.com','0895517115','m'),
   ('5036492934','bul. Carigradsko shose 72, flr-2, ap. 7','Cortez Kerr','Cortez-Kerr@yahoo.com','0894059634','m'),
   ('0882306509','ul. Slavqnska 9, flr-1, ap. 5','Heather Beltran','Heather-Beltran@hotmail.com','0897228294','f'),
   ('6093008763','bul. Bulgaria 76, flr-7, ap. 22','Nathanial Joseph','NathanialJoseph@live.com','0885658394','m'),
   ('2717950340','ul. Gueshevo 11, flr-3, ap. 10','Elizabeth Giles','Elizabeth_Giles@gmail.com','0891534232','f'),
   ('8907815861','ul. Gueshevo 97, flr-7, ap. 22','Jayvon Mann','JayvonMann@gmail.com','0892425862','m'),
   ('3709558378','ul. Georgi S. Rakovski 9, flr-7, ap. 24','Jordyn Edwards','Jordyn-Edwards@hotmail.com','0893793918','m'),
   ('0764219160','bul. Bulgaria 80, flr-8, ap. 27','Shyann Caldwell','Shyann_Caldwell@hotmail.com','0873362214','f'),
   ('6658403783','ul. Sofiiski geroi 5, flr-8, ap. 27','Mara Manning','Mara-Manning@gmail.com','0891125762','f'),
   ('1081872892','ul. Pirotska 19, flr-4, ap. 14','Camila Williams','Camila.Williams@yahoo.com','0893028255','f'),
   ('5998182660','bul. Carigradsko shose 82, flr-4, ap. 14','Erik Dixon','Erik-Dixon@gmail.com','0893801250','m'),
   ('6387617237','ul. Gueshevo 70, flr-8, ap. 26','Reyna Fox','Reyna.Fox@yahoo.com','0888585873','f'),
   ('1638328601','ul. Georgi S. Rakovski 32, flr-5, ap. 16','Skye Mccoy','SkyeMccoy@yahoo.com','0872605467','f'),
   ('8291359840','ul. car Ivan Aleksandur 73, flr-6, ap. 19','Nash Sampson','Nash_Sampson@gmail.com','0887636154','m'),
   ('9951112339','bul. Bulgaria 111, flr-1, ap. 6','Dana Miranda','DanaMiranda@gmail.com','0887233048','f'),
   ('6072095432','ul. Opulchenska 68, flr-7, ap. 23','Aracely Cameron','Aracely.Cameron@live.com','0895608815','f'),
   ('8277126049','ul. Opulchenska 115, flr-1, ap. 5','Triston Warner','Triston-Warner@hotmail.com','0884603624','m'),
   ('8371073496','ul. car Ivan Aleksandur 63, flr-2, ap. 8','Gary Orr','Gary-Orr@hotmail.com','0875109968','m'),
   ('8393967997','ul. car Ivan Aleksandur 62, flr-7, ap. 22','Trey Silva','Trey-Silva@yahoo.com','0886935766','m'),
   ('4739519028','ul. Gueshevo 25, flr-3, ap. 11','Karly Chaney','Karly.Chaney@live.com','0873143104','f'),
   ('8583944698','ul. Gueshevo 63, flr-6, ap. 20','Edith Conner','Edith-Conner@yahoo.com','0895660727','f'),
   ('7225910850','bul. Bulgaria 46, flr-8, ap. 27','Slade Beck','Slade-Beck@yahoo.com','0887905341','m'),
   ('9053912881','ul. Pirotska 45, flr-5, ap. 17','Autumn Whitney','Autumn_Whitney@live.com','0898602490','f'),
   ('7638593025','bul. Aleksandur Stamboliiski 85, flr-3, ap. 10','Kierra Hayden','Kierra_Hayden@gmail.com','0891577941','f');

------- Insert Employee------------
INSERT INTO Employee(EGN, salary, position) VALUES
  ('2586772294',4383.87,'agent'),
  ('2216857618',1958.9,'agent'),
  ('9597202867',6246.88,'manager'),
  ('6662904931',4368.30,'agent'),
  ('1740948824',1255.91,'agent'),
  ('7225910850',5437.59,'agent'),
  ('0024336282',2541.83,'agent'),
  ('7165013260',1136.50,'intern'),
  ('4129087456',5621.20,'secretary'),
  ('7827802089',7884.99,'agent'),
  ('1646779641',6399.34,'manager'),
  ('6095890007',5088.38,'agent'),
  ('3709558378',2893.67,'agent'),
  ('6658403783',3721.83,'agent'),
  ('2384130417',7314.17,'agent'),
  ('2504212779',4551.16,'agent'),
  ('2316877287',7956.49,'agent'),
  ('6387617237',7408.3,'agent'),
  ('2793638106',1902.9,'secretary'),
  ('3729753432',2343.85,'agent'),
  ('8371073496',6403.87,'jurist'),
  ('5515584054',2818.0,'agent'),
  ('8930747837',3881.96,'agent'),
  ('8615519645',1957.98,'agent'),
  ('4758100716',6892.22,'intern'),
  ('2016406189',7057.79,'agent'),
  ('5998182660',1588.91,'agent'),
  ('4498532301',4234.11,'agent'),
  ('6072095432',3846.55,'intern'),
  ('8291359840',5533.86,'intern'),
  ('3874277931',4753.57,'jurist'),
  ('8583944698',4509.83,'jurist'),
  ('6667140612',3821.9,'jurist'),
  ('6253566144',6246.88,'jurist'),
  ('0201210766',2013.6,'jurist'),
  ('0882306509',7091.68,'jurist'),
  ('4115951064',5510.62,'jurist'),
  ('0900613893',5437.59,'jurist');

------- Insert Estate------------
INSERT INTO Estate VALUES 
  ('Sofia','bul. Carigradsko shose 83',115896,132,3,'3709558378','','sale'),
  ('Veliko Turnovo','ul. Slavqnska 37',90936,108,3,'6387617237','Nujda ot lek remont','sale'),
  ('Veliko Turnovo','ul. Sofiiski geroi 96',79476,111,3,'8615519645','','sale'),
  ('Sliven','ul. Pirotska 55',73926,74,2,'3709558378','','sale'),
  ('Haskovo','bul. Bulgaria 29',55458,78,2,'2504212779','','sale'),
  ('Ruse','ul. Pirotska 59',82808,88,2,'6095890007','','sale'),
  ('Stara Zagora','ul. car Ivan Aleksandur 89',34522,41,1,'5515584054','Nqma mebeli','sale'),
  ('Sliven','ul. Sofiiski geroi 70',130052,164,4,'6658403783','Problemi s gulubi','sale'),
  ('Veliko Turnovo','ul. Pirotska 25',152684,164,4,'7225910850','','sale'),
  ('Haskovo','bul. car Osvoboditel 34',1270,129,3,'7225910850','','rent'),
  ('Silistra','bul. Aleksandur Stamboliiski 102',81732,84,2,'7827802089','','sale'),
  ('Blagoevgrad','bul. Aleksandur Stamboliiski 107',66948,84,2,'7225910850','','sale'),
  ('Shumen','ul. Pirotska 111',132960,160,4,'6658403783','','sale'),
  ('Sliven','ul. Pirotska 98',114282,126,3,'2384130417','','sale'),
  ('Burgas','ul. Slavqnska 63',162096,176,4,'6658403783','','sale'),
  ('Veliko Turnovo','bul. Bulgaria 11',134680,140,4,'2384130417','','sale'),
  ('Vraca','ul. Pirotska 92',56160,80,2,'4498532301','','sale'),
  ('Shumen','ul. Slavqnska 2',198144,258,6,'8930747837','','sale'),
  ('Gabrovo','bul. Bulgaria 9',129780,140,4,'7225910850','','sale'),
  ('Sofia','bul. Carigradsko shose 30',63910,70,2,'6387617237','','sale'),
  ('Vraca','ul. Slavqnska 89',1452,123,3,'4498532301','Teche cheshmata','rent'),
  ('Burgas','ul. Slavqnska 28',59440,80,2,'8930747837','','sale'),
  ('Pleven','ul. car Ivan Aleksandur 42',68456,86,2,'3729753432','','sale'),
  ('Shumen','bul. Carigradsko shose 60',66008,74,2,'8930747837','','sale'),
  ('Blagoevgrad','bul. Bulgaria 3',34240,40,1,'4498532301','','sale'),
  ('Shumen','ul. Slavqnska 110',144300,148,4,'2586772294','','sale'),
  ('Pleven','ul. Opulchenska 60',40893,43,1,'6658403783','','sale'),
  ('Pleven','ul. Georgi S. Rakovski 4',36000,40,1,'7225910850','','sale'),
  ('Gabrovo','ul. car Ivan Aleksandur 63',64160,80,2,'6658403783','','sale'),
  ('Pleven','ul. Slavqnska 42',71706,74,2,'2384130417','','sale'),
  ('Vidin','bul. Bulgaria 2',66720,80,2,'2016406189','','sale'),
  ('Pleven','ul. Opulchenska 50',136192,152,4,'7225910850','Krasiva gledka','sale'),
  ('Vidin','bul. Bulgaria 26',85920,120,3,'2586772294','','sale'),
  ('Silistra','ul. Opulchenska 24',1059,72,2,'6662904931','','rent'),
  ('Stara Zagora','ul. car Ivan Aleksandur 2',135124,148,4,'5998182660','Otoplqva se chrez kamina','sale'),
  ('Sliven','bul. Aleksandur Stamboliiski 2',28158,39,1,'2384130417','','sale'),
  ('Stara Zagora','ul. Gueshevo 115',1526,148,4,'3709558378','Ednata staq e bez otoplenie','rent'),
  ('Stara Zagora','bul. Carigradsko shose 66',101898,111,3,'5998182660','Teche cheshmata','sale'),
  ('Vraca','bul. car Osvoboditel 75',144144,156,4,'8615519645','','sale'),
  ('Plovdiv','bul. car Osvoboditel 111',1919,168,4,'2384130417','','rent'),
  ('Plovdiv','ul. Gueshevo 3',33781,37,1,'3729753432','','sale'),
  ('Vidin','ul. Georgi S. Rakovski 44',1587,114,3,'2586772294','','rent'),
  ('Plovdiv','ul. Pirotska 101',145928,148,4,'1740948824','Ima klimatici vuv vsqka staq','sale'),
  ('Haskovo','ul. Slavqnska 57',109320,120,3,'4498532301','Blizo do pojarna','sale'),
  ('Shumen','ul. Georgi S. Rakovski 57',28760,40,1,'3729753432','Teche cheshmata','sale'),
  ('Sofia','bul. car Osvoboditel 59',129172,172,4,'2384130417','','sale'),
  ('Haskovo','bul. Bulgaria 11',49700,70,2,'2384130417','','sale'),
  ('Sliven','ul. car Ivan Aleksandur 46',60996,78,2,'3709558378','','sale'),
  ('Burgas','bul. car Osvoboditel 63',121836,132,3,'0024336282','','sale'),
  ('Vraca','bul. Carigradsko shose 83',115680,120,3,'0024336282','','sale'),
  ('Ruse','ul. Georgi S. Rakovski 45',60480,84,2,'2384130417','Ima klimatici vuv vsqka staq','sale'),
  ('Gabrovo','bul. Bulgaria 59',1719,176,4,'0024336282','','rent'),
  ('Gabrovo','bul. car Osvoboditel 45',84480,88,2,'2504212779','','sale'),
  ('Vidin','bul. Carigradsko shose 34',34560,36,1,'3709558378','','sale'),
  ('Ruse','ul. Georgi S. Rakovski 86',92250,123,3,'2384130417','Blizo do pojarna','sale'),
  ('Sofia','bul. Carigradsko shose 82',64764,84,2,'6658403783','','sale'),
  ('Pleven','ul. car Ivan Aleksandur 10',77162,82,2,'6095890007','','sale'),
  ('Ruse','bul. Aleksandur Stamboliiski 55',238336,304,8,'6095890007','Ima klimatici vuv vsqka staq','sale'),
  ('Sofia','bul. car Osvoboditel 108',153048,168,4,'0024336282','','sale'),
  ('Pleven','ul. Slavqnska 66',63000,72,2,'2016406189','Krasiva gledka','sale'),
  ('Shumen','bul. car Osvoboditel 74',92295,105,3,'3729753432','Blizo do pojarna','sale'),
  ('Ruse','bul. Carigradsko shose 42',106026,123,3,'2504212779','','sale'),
  ('Stara Zagora','ul. Opulchenska 25',67414,74,2,'6658403783','','sale'),
  ('Burgas','bul. car Osvoboditel 99',214375,245,7,'0024336282','','sale'),
  ('Burgas','ul. Opulchenska 6',165440,176,4,'2216857618','','sale'),
  ('Ruse','ul. Sofiiski geroi 101',28560,40,1,'7827802089','','sale'),
  ('Sliven','ul. Georgi S. Rakovski 110',140960,160,4,'4498532301','','sale'),
  ('Varna','bul. Carigradsko shose 22',271256,328,8,'2016406189','','sale'),
  ('Varna','bul. Aleksandur Stamboliiski 25',130080,160,4,'0024336282','Ednata staq e bez otoplenie','sale'),
  ('Blagoevgrad','ul. Slavqnska 19',110250,126,3,'6658403783','','sale'),
  ('Haskovo','ul. Slavqnska 11',1758,144,4,'2316877287','','rent'),
  ('Sofia','bul. Bulgaria 19',69608,88,2,'2316877287','','sale'),
  ('Haskovo','bul. Carigradsko shose 89',1015,74,2,'5998182660','Otoplqva se chrez kamina','rent'),
  ('Veliko Turnovo','ul. Slavqnska 23',144744,148,4,'6662904931','','sale'),
  ('Plovdiv','ul. Pirotska 2',73440,80,2,'0024336282','Blizo do pojarna','sale'),
  ('Veliko Turnovo','ul. Slavqnska 24',73605,105,3,'6095890007','','sale'),
  ('Silistra','ul. Sofiiski geroi 38',89832,114,3,'3709558378','Ima klimatici vuv vsqka staq','sale'),
  ('Shumen','ul. Sofiiski geroi 102',39044,43,1,'6658403783','','sale'),
  ('Haskovo','bul. Aleksandur Stamboliiski 29',64240,88,2,'3729753432','','sale'),
  ('Vraca','bul. Carigradsko shose 65',60240,80,2,'3729753432','','sale'),
  ('Varna','bul. Aleksandur Stamboliiski 92',84006,117,3,'4498532301','','sale'),
  ('Shumen','bul. Aleksandur Stamboliiski 34',237440,320,8,'8930747837','Blizo do uchilishte','sale'),
  ('Burgas','ul. Slavqnska 106',135956,164,4,'1740948824','','sale'),
  ('Blagoevgrad','ul. Georgi S. Rakovski 95',484,40,1,'6387617237','','rent'),
  ('Varna','ul. Slavqnska 111',101565,111,3,'8930747837','','sale'),
  ('Varna','bul. car Osvoboditel 94',26670,35,1,'1740948824','Blizo do uchilishte','sale'),
  ('Sofia','ul. Georgi S. Rakovski 24',106856,152,4,'2316877287','','sale'),
  ('Blagoevgrad','ul. Gueshevo 79',105600,132,3,'5515584054','','sale'),
  ('Silistra','bul. car Osvoboditel 82',116276,164,4,'3709558378','Blizo do pojarna','sale'),
  ('Stara Zagora','ul. car Ivan Aleksandur 50',129220,140,4,'2216857618','','sale'),
  ('Gabrovo','bul. Bulgaria 33',89034,114,3,'1740948824','','sale'),
  ('Blagoevgrad','bul. car Osvoboditel 22',442,37,1,'4498532301','','rent'),
  ('Ruse','bul. Bulgaria 59',88440,120,3,'6095890007','','sale'),
  ('Vidin','ul. car Ivan Aleksandur 93',58400,80,2,'3729753432','','sale'),
  ('Sliven','ul. Slavqnska 56',30590,35,1,'2216857618','','sale'),
  ('Vraca','bul. car Osvoboditel 13',101652,129,3,'6387617237','','sale'),
  ('Blagoevgrad','ul. Sofiiski geroi 105',120820,140,4,'2384130417','','sale'),
  ('Silistra','ul. Sofiiski geroi 9',64828,76,2,'8930747837','Blizo do pojarna','sale'),
  ('Silistra','ul. Sofiiski geroi 37',77968,88,2,'0024336282','','sale'),
  ('Shumen','ul. Pirotska 77',100008,108,3,'8930747837','','sale'),
  ('Varna','ul. Gueshevo 23',519,39,1,'6662904931','','rent'),
  ('Veliko Turnovo','ul. Slavqnska 83',84474,114,3,'3729753432','','sale'),
  ('Sofia','ul. Pirotska 53',67118,74,2,'2016406189','','sale'),
  ('Shumen','bul. Carigradsko shose 113',40713,41,1,'6387617237','Nqma mebeli','sale'),
  ('Burgas','bul. Bulgaria 39',30118,37,1,'8615519645','Teche cheshmata','sale'),
  ('Haskovo','ul. Opulchenska 67',72424,88,2,'6662904931','','sale'),
  ('Gabrovo','ul. Georgi S. Rakovski 33',245252,266,7,'2384130417','','sale'),
  ('Sliven','ul. car Ivan Aleksandur 79',85312,86,2,'8930747837','Nujda ot lek remont','sale'),
  ('Sofia','ul. Sofiiski geroi 88',30625,35,1,'5515584054','','sale'),
  ('Burgas','bul. Bulgaria 6',234360,252,7,'6662904931','','sale'),
  ('Silistra','ul. Sofiiski geroi 73',107730,126,3,'6387617237','','sale'),
  ('Plovdiv','ul. car Ivan Aleksandur 64',158916,164,4,'2016406189','','sale'),
  ('Burgas','ul. Gueshevo 118',109980,156,4,'6387617237','Krasiva gledka','sale'),
  ('Shumen','ul. Opulchenska 6',52500,70,2,'2504212779','','sale'),
  ('Gabrovo','ul. Gueshevo 32',61864,76,2,'5998182660','','sale'),
  ('Varna','ul. Opulchenska 89',147440,152,4,'6662904931','Blizo do uchilishte','sale'),
  ('Sofia','ul. Gueshevo 10',97908,123,3,'5998182660','Nujda ot lek remont','sale'),
  ('Varna','bul. Carigradsko shose 86',77652,108,3,'1740948824','','sale'),
  ('Ruse','ul. car Ivan Aleksandur 70',139308,156,4,'6387617237','','sale'),
  ('Shumen','ul. Opulchenska 107',142932,172,4,'6095890007','Teche cheshmata','sale'),
  ('Blagoevgrad','ul. Pirotska 5',87801,111,3,'6658403783','','sale'),
  ('Silistra','bul. car Osvoboditel 108',112476,156,4,'6387617237','','sale'),
  ('Vidin','ul. Sofiiski geroi 53',200340,210,6,'7827802089','','sale'),
  ('Sofia','ul. Galichica 33',1500,200,4,'5998182660','','rent'),
  ('Sofia','ul. Galichica 33',8000000,200,4,'5998182660','','sale'),
  ('Sofia','ul. Universitetska 1',500,100,2,'6095890007','','rent');

------- Insert Estate_Owner------------
INSERT INTO Estate_Owner VALUES 
  (1,'9951112339'),
  (2,'8615519645'),
  (3,'4498532301'),
  (4,'5171794980'),
  (5,'2793638106'),
  (6,'8509213352'),
  (7,'8509213352'),
  (8,'9709333135'),
  (9,'8907815861'),
  (10,'5515584054'),
  (11,'8371073496'),
  (12,'4758100716'),
  (13,'3874277931'),
  (14,'9597202867'),
  (15,'2586772294'),
  (16,'6016575412'),
  (17,'8277126049'),
  (18,'1733076602'),
  (19,'8198133439'),
  (20,'8375817048'),
  (21,'5515584054'),
  (22,'9824529983'),
  (23,'5747663090'),
  (24,'6315340317'),
  (25,'8615519645'),
  (26,'3735856908'),
  (27,'4129087456'),
  (28,'5405065518'),
  (29,'0334067556'),
  (30,'5747663090'),
  (31,'8859713471'),
  (32,'4498532301'),
  (33,'0795382321'),
  (34,'8859713471'),
  (35,'7564868780'),
  (36,'6667140612'),
  (37,'4739519028'),
  (38,'8913514253'),
  (39,'4498532301'),
  (40,'8930747837'),
  (41,'8291359840'),
  (42,'8509213352'),
  (43,'3541664529'),
  (44,'2586772294'),
  (45,'2810315522'),
  (46,'1081872892'),
  (47,'2016406189'),
  (48,'2586772294'),
  (49,'8615519645'),
  (50,'2657745798'),
  (51,'8930747837'),
  (52,'0900613893'),
  (53,'6253566144'),
  (54,'3566676771'),
  (55,'6658403783'),
  (56,'6387617237'),
  (57,'1081872892'),
  (58,'8375817048'),
  (59,'0334067556'),
  (60,'6082740760'),
  (61,'6662904931'),
  (62,'7467074121'),
  (63,'2290518368'),
  (64,'9951112339'),
  (65,'7836441955'),
  (66,'8006830643'),
  (67,'8291359840'),
  (68,'4129087456'),
  (69,'0611173004'),
  (70,'7564868780'),
  (71,'4758100716'),
  (72,'8913514253'),
  (73,'1683148492'),
  (74,'6658403783'),
  (75,'0024336282'),
  (76,'3729753432'),
  (77,'5998182660'),
  (78,'8859713471'),
  (79,'9824529983'),
  (80,'1646779641'),
  (81,'0882306509'),
  (82,'0764219160'),
  (83,'7225910850'),
  (84,'8805143639'),
  (85,'4129087456'),
  (86,'3566676771'),
  (87,'8277126049'),
  (88,'9709333135'),
  (89,'5036492934'),
  (90,'7713070363'),
  (91,'8371073496'),
  (92,'8371073496'),
  (93,'6662904931'),
  (94,'5533374380'),
  (95,'5926523212'),
  (96,'5998182660'),
  (97,'4129087456'),
  (98,'9824529983'),
  (99,'2574444429'),
  (100,'2290518368'),
  (101,'2316877287'),
  (102,'4739519028'),
  (103,'4139582796'),
  (104,'6315340317'),
  (105,'8006830643'),
  (106,'5515584054'),
  (107,'0900613893'),
  (108,'0795382321'),
  (109,'9597202867'),
  (110,'3541664529'),
  (111,'2290518368'),
  (112,'7836441955'),
  (113,'2793638106'),
  (114,'9709333135'),
  (115,'6892959450'),
  (116,'2534075531'),
  (117,'1081872892'),
  (118,'0764219160'),
  (119,'7225910850'),
  (120,'9597202867'),
  (121,'2534075531'),
  (122,'0334067556'),
  (123,'2216857618');

------- Insert Deal------------
INSERT INTO Deal VALUES 
 ('8371073496',13,'2014-11-23',136948,'Very Bad','3709558378',7.36),
  ('0900613893',57,'2021-9-6',84878,'Bad','1740948824',7.58),
  ('6253566144',50,'2020-10-16',102955,'Good','8615519645',6.55),
  ('0201210766',103,'2007-5-13',69131,'Good','8930747837',4.36),
  ('0882306509',102,'2020-2-5',84474,'Good','3709558378',2.99),
  ('0900613893',37,'2018-4-8',1648,'Very Good','6662904931',2.21),
  ('0882306509',87,'2021-3-10',95101,'Bad','2586772294',6.56),
  ('6253566144',30,'2015-7-19',63101,'Poor','2316877287',3.43),
  ('6253566144',46,'2008-5-3',135630,'Very Good','3709558378',7.81),
  ('3874277931',66,'2018-7-19',26275,'Very Bad','8615519645',4.57),
  ('3874277931',47,'2007-1-17',48706,'Excellent','3729753432',6.46),
  ('8583944698',33,'2021-9-8',73891,'Excellent','3709558378',3.51),
  ('8371073496',69,'2013-2-19',123576,'Very Bad','6658403783',7.69),
  ('0201210766',83,'2006-6-18',119641,'Poor','7827802089',5.26),
  ('0201210766',52,'2014-1-18',1890,'Bad','6387617237',7.92),
  ('0900613893',97,'2011-2-15',136526,'Very Good','5998182660',3.23),
  ('8371073496',55,'2007-2-27',95940,'Bad','5998182660',4.16),
  ('0201210766',104,'2017-6-13',43562,'Very Bad','8930747837',7.63),
  ('0900613893',18,'2015-2-18',212014,'Very Good','2384130417',2.58),
  ('3874277931',9,'2007-3-3',143522,'Good','3709558378',4.66),
  ('8371073496',48,'2007-12-11',64655,'Bad','3709558378',6.13),
  ('0882306509',23,'2012-3-18',78039,'Good','5515584054',4.14),
  ('4115951064',35,'2012-9-23',145933,'Excellent','3729753432',3.77),
  ('0201210766',105,'2017-10-14',28612,'Very Good','2586772294',7.99),
  ('8583944698',8,'2016-5-17',137855,'Bad','2504212779',5.93),
  ('4115951064',111,'2014-12-25',112039,'Very Good','2216857618',4.74),
  ('0900613893',95,'2019-11-7',34872,'Excellent','5515584054',3.94),
  ('0201210766',121,'2006-4-1',82532,'Poor','2504212779',3.93),
  ('4115951064',116,'2016-10-25',165132,'Good','3709558378',6.57),
  ('4115951064',113,'2005-9-28',111079,'Very Bad','0024336282',5.87),
  ('4115951064',53,'2020-5-15',74342,'Very Good','2384130417',7.96),
  ('8371073496',43,'2015-8-5',125498,'Very Bad','2504212779',5.71),
  ('4115951064',36,'2019-1-26',26750,'Poor','2384130417',2.29),
  ('0201210766',114,'2015-3-6',59850,'Very Bad','3729753432',3.60),
  ('4115951064',59,'2009-11-25',151517,'Very Good','6658403783',3.84),
  ('8583944698',26,'2015-10-14',135642,'Good','2316877287',2.16),
  ('4115951064',4,'2019-6-10',66533,'Excellent','7827802089',5.12),
  ('0900613893',108,'2012-6-10',95549,'Bad','5515584054',7.55),
  ('4115951064',17,'2010-3-12',60091,'Excellent','2216857618',7.83),
  ('0882306509',71,'2021-8-2',1670,'Excellent','8615519645',5.75),
  ('0201210766',100,'2014-2-13',89007,'Excellent','3709558378',3.1),
  ('8583944698',15,'2012-2-4',155612,'Very Good','6658403783',3.0),
  ('0882306509',94,'2019-11-23',66576,'Bad','2384130417',2.43),
  ('8371073496',25,'2019-10-10',29446,'Good','8615519645',7.95),
  ('4115951064',72,'2007-10-21',74480,'Good','6095890007',5.14),
  ('3874277931',84,'2012-8-26',484,'Good','6095890007',5.29),
  ('3874277931',89,'2006-5-10',131391,'Very Bad','0024336282',5.40),
  ('6667140612',21,'2019-11-15',1393,'Very Good','2384130417',2.59),
  ('0201210766',73,'2014-1-22',1106,'Good','7225910850',7.3),
  ('0882306509',64,'2019-4-20',220806,'Good','0024336282',3.13),
  ('3874277931',34,'2007-9-14',1122,'Very Good','5998182660',2.47),
  ('6667140612',22,'2018-9-6',54684,'Excellent','4498532301',7.62),
  ('8583944698',29,'2012-4-26',69292,'Bad','6095890007',2.23),
  ('3874277931',42,'2008-2-4',1380,'Poor','2586772294',7.69),
  ('6667140612',92,'2007-9-23',464,'Bad','6662904931',6.81),
  ('0201210766',110,'2009-7-4',208580,'Poor','2586772294',6.43),
  ('0900613893',78,'2016-4-17',35920,'Very Bad','5998182660',6.29),
  ('3874277931',86,'2005-3-17',29870,'Very Good','0024336282',5.25),
  ('4115951064',123,'2010-10-9',218370,'Bad','5998182660',2.96),
  ('4115951064',115,'2005-5-25',55058,'Good','6387617237',7.93),
  ('3874277931',79,'2009-11-18',68736,'Bad','2016406189',5.55),
  ('0900613893',67,'2005-7-2',142369,'Bad','2586772294',5.34),
  ('0882306509',109,'2005-9-25',30318,'Excellent','5515584054',6.56),
  ('0201210766',6,'2019-10-7',89432,'Excellent','2016406189',7.55),
  ('0900613893',19,'2007-4-15',131077,'Bad','5515584054',4.53),
  ('8371073496',24,'2011-10-7',56766,'Bad','8930747837',5.3),
  ('6667140612',107,'2020-10-4',255062,'Poor','2016406189',5.10),
  ('0900613893',77,'2008-4-19',79052,'Very Bad','3729753432',5.0),
  ('6253566144',74,'2015-2-24',151981,'Poor','7225910850',7.54),
  ('4115951064',75,'2009-1-18',67564,'Very Good','2504212779',5.98),
  ('8371073496',16,'2016-4-23',115824,'Poor','0024336282',6.63),
  ('0900613893',120,'2016-2-6',128638,'Poor','3729753432',4.95),
  ('6667140612',112,'2007-1-7',177985,'Very Bad','8930747837',5.49),
  ('3874277931',93,'2006-5-22',89324,'Bad','3729753432',5.87),
  ('4115951064',39,'2007-5-19',145585,'Very Bad','2216857618',2.73),
  ('8583944698',41,'2021-1-25',37496,'Poor','7225910850',5.7),
  ('0900613893',82,'2005-7-8',230316,'Bad','5998182660',6.52),
  ('8583944698',56,'2018-7-3',56992,'Very Bad','6662904931',7.4),
  ('0882306509',65,'2010-2-18',186947,'Bad','0024336282',6.96),
  ('0201210766',12,'2015-1-13',72973,'Good','0024336282',2.7),
  ('0900613893',40,'2012-4-13',1707,'Poor','2316877287',4.75),
  ('0201210766',63,'2008-12-19',57976,'Poor','5998182660',6.25),
  ('8583944698',54,'2018-4-15',34560,'Bad','7225910850',2.54),
  ('6253566144',10,'2005-7-14',1244,'Poor','2504212779',5.75),
  ('0201210766',60,'2016-5-26',68040,'Good','1740948824',2.69),
  ('4115951064',101,'2005-9-10',570,'Very Good','1740948824',2.36);

------- Insert Company------------
INSERT INTO Company VALUES 
  ('6509006','EstateVista','ul. car Ivan Aleksandur 89','65028602'),
  ('6184963','GenieProperty','ul. Gueshevo 47','13893446'),
  ('4076361','HeavenHomes&Villas','bul. car Osvoboditel 19','78829135'),
  ('0165754','EstateGuardian','bul. Aleksandur Stamboliiski 107','54209737'),
  ('7777335','Homeland','bul. Carigradsko shose 72','12001460'),
  ('8012509','PropertyCollective','ul. Sofiiski geroi 94','99818266'),
  ('4061898','PrimeVillas','ul. Sofiiski geroi 117','47835120'),
  ('7838371','AnytimeProperty','ul. Gueshevo 8','41439880'),
  ('9683484','CityHomes','bul. car Osvoboditel 90','07349651'),
  ('3808806','Watchtower','ul. car Ivan Aleksandur 35','99255333'),
  ('8907815','ReadyHomes','ul. car Ivan Aleksandur 53','81989722'),
  ('6539246','EstateValley','bul. car Osvoboditel 83','86124258'),
  ('5200391','PanoramaAgents','ul. Pirotska 30','18211976'),
  ('6772294','HorizonHomes','ul. Opulchenska 89','81953252'),
  ('1250839','AtticProperty','ul. Georgi S. Rakovski 110','19698255'),
  ('5766582','Propertyscape','ul. Georgi S. Rakovski 74','39679976'),
  ('5328253','AllureProperty','bul. Aleksandur Stamboliiski 116','54416163'),
  ('1503649','BlissfulHomes','ul. Gueshevo 50','61862146'),
  ('4288758','CentralProperty','bul. car Osvoboditel 34','29344059'),
  ('9307787','PerfectHomes','ul. Georgi S. Rakovski 13','12574444');

------- Insert Deal_BuyerPerson------------
INSERT INTO Deal_BuyerPerson VALUES 
  (1,'1638328601'),
  (2,'2290518368'),
  (7,'6016575412'),
  (8,'1638328601'),
  (9,'3874277931'),
  (11,'7467074121'),
  (12,'2155389284'),
  (14,'6072095432'),
  (18,'3566676771'),
  (19,'8371073496'),
  (20,'1646779641'),
  (21,'6658403783'),
  (23,'9597202867'),
  (24,'8393967997'),
  (28,'7564868780'),
  (30,'0795382321'),
  (32,'6253566144'),
  (34,'9709333135'),
  (35,'5515584054'),
  (37,'7165013260'),
  (39,'1733076602'),
  (40,'2290518368'),
  (43,'1821197629'),
  (44,'0024336282'),
  (46,'8371073496'),
  (51,'9824529983'),
  (53,'6387617237'),
  (54,'2793638106'),
  (56,'7564868780'),
  (60,'8805143639'),
  (65,'0882306509'),
  (66,'6667140612'),
  (67,'6658403783'),
  (69,'2663300813'),
  (70,'8859713471'),
  (72,'8564984325'),
  (74,'8393967997'),
  (75,'2491573342'),
  (76,'2491573342'),
  (78,'7165013260'),
  (81,'6387617237'),
  (85,'1821197629');

------- Insert Deal_BuyerCompany------------
INSERT INTO Deal_BuyerCompany VALUES 
  (3,'8012509'),
  (4,'3808806'),
  (5,'7838371'),
  (6,'6539246'),
  (10,'9307787'),
  (13,'7777335'),
  (15,'8907815'),
  (16,'9683484'),
  (17,'6509006'),
  (22,'4288758'),
  (25,'1503649'),
  (26,'6509006'),
  (27,'6184963'),
  (29,'9307787'),
  (31,'3808806'),
  (33,'5766582'),
  (36,'8012509'),
  (38,'9683484'),
  (41,'9307787'),
  (42,'8907815'),
  (45,'4288758'),
  (47,'5200391'),
  (48,'9307787'),
  (49,'6184963'),
  (50,'7777335'),
  (52,'4076361'),
  (55,'6184963'),
  (57,'5766582'),
  (58,'4076361'),
  (59,'6772294'),
  (61,'0165754'),
  (62,'9683484'),
  (63,'5766582'),
  (64,'6539246'),
  (68,'6772294'),
  (71,'7838371'),
  (73,'4288758'),
  (77,'4288758'),
  (79,'5766582'),
  (80,'5766582'),
  (82,'1503649'),
  (83,'9307787'),
  (84,'0165754'),
  (86,'6772294');
